Rk,Name,Tm,FantPos,Age,G,GS,Cmp,Att,Yds,TD,Int,Att,Yds,Y/A,TD,Tgt,Rec,Yds,Y/R,TD,2PM,2PP,FantPt,PPR,DKPt,FDPt,VBD,PosRank,OvRank
1,Ryan Fitzpatrick\FitzRy00,TAM,QB,36,2,2,48,61,819,8,1,13,35,2.69,1,0,0,0,,0,,,72,72,76.3,73.3,33,1,1
2,Tyreek Hill\HillTy00,KAN,WR,24,2,2,0,0,0,0,0,2,4,2.00,0,14,12,259,21.58,3,,,50,62,65.3,56.3,32,1,2
3,Todd Gurley\GurlTo01,LAR,RB,24,2,2,0,0,0,0,0,39,150,3.85,3,8,6,70,11.67,1,2,,50,56,59.0,53.0,30,1,3
4,Patrick Mahomes\MahoPa00,KAN,QB,23,2,2,38,55,582,10,0,10,39,3.90,0,0,0,0,,0,,,67,67,70.2,67.2,28,2,4
5,DeSean Jackson\JackDe00,TAM,WR,32,2,2,0,0,0,0,0,0,0,,0,9,9,275,30.56,3,,,46,55,57.5,50.0,27,2,5
6,Alvin Kamara\KamaAl00,NOR,RB,23,2,2,0,0,0,0,0,21,75,3.57,2,18,15,165,11.00,1,2,,46,61,64.0,53.5,26,2,6
7,Carlos Hyde\HydeCa00,CLE,RB,28,3,2,0,0,0,0,0,61,203,3.33,4,6,4,15,3.75,0,,,46,50,52.8,47.8,26,3,7
8,James Conner\ConnJa00,PIT,RB,23,2,2,0,0,0,0,0,39,152,3.90,3,11,10,105,10.50,0,1,,44,54,60.7,48.7,24,4,8
9,Isaiah Crowell\CrowIs00,NYJ,RB,25,3,0,0,0,0,0,0,38,171,4.50,4,6,4,21,5.25,0,,,43,47,50.2,45.2,24,6,9
10,Melvin Gordon\GordMe00,LAC,RB,25,2,2,0,0,0,0,0,24,92,3.83,1,20,15,140,9.33,2,1,,43,58,61.2,50.7,24,5,10
11,Michael Thomas\ThomMi05,NOR,WR,25,2,2,0,0,0,0,0,0,0,,0,30,28,269,9.61,3,,,41,69,73.9,54.9,22,3,11
12,A.J. Green\GreeA.00,CIN,WR,30,2,2,0,0,0,0,0,0,0,,0,17,11,161,14.64,4,,,38,49,53.1,43.6,19,4,12
13,Stefon Diggs\DiggSt00,MIN,WR,25,2,2,0,0,0,0,0,2,9,4.50,0,19,12,171,14.25,3,1,,38,50,53.0,44.0,19,5,13
14,Kirk Cousins\CousKi00,MIN,QB,30,2,2,55,84,669,6,1,6,31,5.17,0,0,0,0,,0,,1,54,54,57.9,54.9,14,3,14
15,Mike Evans\EvanMi00,TAM,WR,25,2,2,0,0,0,0,0,0,0,,0,19,17,230,13.53,2,,,33,50,54.0,41.5,14,6,15
16,Will Dissly\DissWi00,SEA,TE,22,2,2,0,0,0,0,0,0,0,,0,10,6,147,24.50,2,,,27,33,35.7,29.7,13,1,16
17,Philip Rivers\RivePh00,LAC,QB,37,2,2,57,78,680,6,1,3,5,1.67,0,0,0,0,,0,,1,52,52,55.7,52.7,12,4,17
18,Jesse James\JameJe00,PIT,TE,24,2,2,0,0,0,0,0,0,0,,0,10,8,198,24.75,1,,,26,34,36.8,29.8,12,2,18
19,JuJu Smith-Schuster\SmitJu00,PIT,WR,22,2,1,0,0,0,0,0,0,0,,0,27,18,240,13.33,1,,,30,48,51.0,39.0,11,7,19
20,Jarvis Landry\LandJa00,CLE,WR,26,3,2,0,0,0,0,0,0,0,,0,37,20,278,13.90,0,,1,30,50,52.8,39.8,11,8,20
21,Adam Thielen\ThieAd00,MIN,WR,28,2,2,0,0,0,0,0,0,0,,0,25,18,233,12.94,1,,,29,47,50.3,38.3,11,9,21
22,Emmanuel Sanders\SandEm00,DEN,WR,31,2,2,0,0,0,0,0,0,0,,0,15,14,231,16.50,1,,,29,43,46.1,36.1,10,10,22
23,Joe Mixon\MixoJo00,CIN,RB,22,2,2,0,0,0,0,0,38,179,4.71,1,8,6,57,9.50,0,,,30,36,38.6,32.6,10,7,23
24,Saquon Barkley\BarkSa00,NYG,RB,21,2,2,0,0,0,0,0,29,134,4.62,1,22,16,102,6.38,0,,,30,46,51.6,37.6,10,8,24
25,Ezekiel Elliott\ElliEz00,DAL,RB,23,2,2,0,0,0,0,0,32,147,4.59,2,10,8,26,3.25,0,,,29,37,40.3,33.3,10,9,25
26,Drew Brees\BreeDr00,NOR,QB,39,2,2,65,80,682,5,0,1,-1,-1.00,0,0,0,0,,0,,1,49,49,52.2,49.2,10,5,26
27,Travis Kelce\KelcTr00,KAN,TE,29,2,2,0,0,0,0,0,0,0,,0,16,8,115,14.38,2,,,24,32,34.5,27.5,9,3,27
28,Jay Ajayi\AjayJa00,PHI,RB,25,2,1,0,0,0,0,0,22,85,3.86,3,1,1,4,4.00,0,1,,29,30,29.9,29.4,9,10,28
29,Austin Ekeler\EkelAu00,LAC,RB,23,2,0,0,0,0,0,0,16,116,7.25,0,8,8,108,13.50,1,,,28,36,42.4,32.4,9,11,29
30,Jared Cook\CookJa02,OAK,TE,31,2,2,0,0,0,0,0,0,0,,0,16,13,229,17.62,0,,,23,36,38.9,29.4,9,4,30
31,Chris Thompson\ThomCh03,WAS,RB,28,2,0,0,0,0,0,0,9,66,7.33,0,21,19,155,8.16,1,,,28,47,50.1,37.6,9,12,31
32,Quincy Enunwa\EnunQu00,NYJ,WR,26,3,3,0,0,0,0,0,0,0,,0,29,17,212,12.47,1,,,27,44,47.2,35.7,8,11,32
33,Ben Roethlisberger\RoetBe00,PIT,QB,36,2,2,62,101,787,4,3,5,25,5.00,1,0,0,0,,0,,1,48,48,56.0,51.0,8,6,33
34,Davante Adams\AdamDa01,GNB,WR,26,2,2,0,0,0,0,0,0,0,,0,20,13,152,11.69,2,,,27,40,43.2,33.7,8,12,34
35,Bilal Powell\PoweBi00,NYJ,RB,30,3,3,0,0,0,0,0,31,139,4.48,0,9,6,79,13.17,1,,,28,34,36.8,30.8,8,13,35
36,Phillip Lindsay\LindPh00,DEN,RB,24,2,0,0,0,0,0,0,29,178,6.14,0,4,3,35,11.67,1,,,27,30,33.3,28.8,8,14,36
37,Kenny Golladay\GollKe00,DET,WR,25,2,2,0,0,0,0,0,0,0,,0,21,13,203,15.62,1,,,26,39,42.3,32.8,8,13,37
38,Matt Breida\BreiMa00,SFO,RB,23,2,1,0,0,0,0,0,22,184,8.36,1,6,4,26,6.50,0,,,27,31,34.0,29.0,7,15,38
39,John Brown\BrowJo02,BAL,WR,28,2,2,0,0,0,0,0,1,1,1.00,0,14,7,136,19.43,2,,,26,33,35.7,29.2,7,15,39
40,Golden Tate\TateGo00,DET,WR,30,2,0,0,0,0,0,0,1,9,9.00,0,28,14,188,13.43,1,,,26,40,42.7,32.7,7,14,40
41,O.J. Howard\HowaO.00,TAM,TE,24,2,2,0,0,0,0,0,0,0,,0,6,5,150,30.00,1,,,21,26,29.0,23.5,7,5,41
42,Brandin Cooks\CookBr00,LAR,WR,25,2,2,0,0,0,0,0,1,6,6.00,0,17,12,246,20.50,0,,,25,37,40.2,31.2,6,16,42
43,Cam Newton\NewtCa00,CAR,QB,29,2,2,49,71,496,3,1,18,100,5.56,1,0,0,0,,0,,,46,46,52.8,46.8,6,7,43
44,Blake Bortles\BortBl00,JAX,QB,26,2,2,47,78,552,5,2,10,77,7.70,0,0,0,0,,0,,,46,46,50.8,47.8,6,8,44
45,T.Y. Hilton\HiltT.00,IND,WR,29,2,2,0,0,0,0,0,0,0,,0,22,12,129,10.75,2,,,25,37,39.9,30.9,6,17,45
46,Adrian Peterson\PeteAd01,WAS,RB,33,2,2,0,0,0,0,0,37,116,3.14,1,6,5,100,20.00,0,,,26,31,37.6,28.1,6,16,46
47,Julio Jones\JoneJu02,ATL,WR,29,2,2,0,0,0,0,0,1,11,11.00,0,28,15,233,15.53,0,,,24,39,42.4,31.9,6,18,47
48,Eric Ebron\EbroEr00,IND,TE,25,2,1,0,0,0,0,0,0,0,,0,9,7,77,11.00,2,,,20,27,26.7,23.2,6,6,48
49,Kenny Stills\StilKe00,MIA,WR,26,2,2,0,0,0,0,0,0,0,,0,8,6,123,20.50,2,,,24,30,33.3,27.3,6,19,49
50,DeAndre Hopkins\HopkDe00,HOU,WR,26,2,2,0,0,0,0,0,1,-7,-7.00,0,22,14,188,13.43,1,,,24,38,41.1,31.1,5,20,50
51,Tyler Lockett\LockTy00,SEA,WR,26,2,2,0,0,0,0,0,0,0,,0,11,8,119,14.88,2,,,24,32,34.9,27.9,5,21,51
52,Keenan Allen\AlleKe00,LAC,WR,26,2,2,0,0,0,0,0,0,0,,0,19,14,175,12.50,1,,,24,38,40.5,30.5,5,22,52
53,Randall Cobb\CobbRa00,GNB,WR,28,2,2,0,0,0,0,0,0,0,,0,16,13,172,13.23,1,,,23,36,39.2,29.7,4,23,53
54,Keelan Cole\ColeKe00,JAX,WR,25,2,2,0,0,0,0,0,0,0,,0,12,10,170,17.00,1,,,23,33,36.0,28.0,4,24,54
55,Marshawn Lynch\LyncMa00,OAK,RB,32,2,2,0,0,0,0,0,29,106,3.66,2,3,4,11,2.75,0,,,24,28,30.7,25.7,4,17,55
56,Rob Gronkowski\GronRo00,NWE,TE,29,2,2,0,0,0,0,0,0,0,,0,12,9,138,15.33,1,,,18,27,30.8,22.3,4,7,56
57,Andy Dalton\DaltAn00,CIN,QB,31,2,2,45,70,508,6,1,2,8,4.00,0,0,0,0,,0,,,43,43,47.1,44.1,4,9,57
58,Tevin Coleman\ColeTe01,ATL,RB,25,2,1,0,0,0,0,0,25,126,5.04,1,6,5,44,8.80,0,,,23,28,31.0,25.5,3,18,58
59,Antonio Brown\BrowAn04,PIT,WR,30,2,2,0,0,0,0,0,0,0,,0,33,18,160,8.89,1,,,22,40,43.0,31.0,3,25,59
60,Chris Godwin\GodwCh00,TAM,WR,22,2,0,0,0,0,0,0,0,0,,0,10,8,97,12.13,2,,,22,30,29.7,25.7,3,26,60
61,Christian McCaffrey\McCaCh01,CAR,RB,22,2,2,0,0,0,0,0,18,87,4.83,0,24,20,147,7.35,0,,,21,41,45.4,31.4,2,19,61
62,Dion Lewis\LewiDi00,TEN,RB,28,2,0,0,0,0,0,0,30,117,3.90,1,9,6,36,6.00,0,,,21,27,30.3,24.3,2,20,62
63,Nelson Agholor\AghoNe00,PHI,WR,25,2,2,1,1,15,0,0,2,18,9.00,0,22,16,121,7.56,1,,,21,37,39.5,28.5,2,27,63
64,Aaron Rodgers\RodgAa00,GNB,QB,35,2,2,50,72,567,4,0,4,23,5.75,0,0,0,0,,0,,,41,41,44.0,41.0,1,11,64
65,Tyrod Taylor\TaylTy00,CLE,QB,29,3,3,41,84,462,2,2,16,125,7.81,1,0,0,0,,0,,,41,41,49.0,43.0,1,10,65
66,Geronimo Allison\AlliGe01,GNB,WR,24,2,2,0,0,0,0,0,0,0,,0,14,11,133,12.09,1,,,19,30,33.3,24.8,1,28,66
67,T.J. Yeldon\YeldT.00,JAX,RB,25,2,1,0,0,0,0,0,24,109,4.54,0,12,5,31,6.20,1,,,20,25,28.0,22.5,,21,67
68,James White\WhitJa02,NWE,RB,26,2,0,0,0,0,0,0,9,29,3.22,0,17,11,111,10.09,1,,,20,31,34.0,25.5,,22,68
69,Cooper Kupp\KuppCo00,LAR,WR,25,2,2,0,0,0,0,0,2,16,8.00,0,15,11,115,10.45,1,,,19,30,33.1,24.6,,29,69
70,Evan Engram\EngrEv00,NYG,TE,24,2,2,0,0,0,0,0,0,0,,0,12,9,85,9.44,1,,,15,24,23.5,19.0,,8,70
71,Kyle Rudolph\RudoKy00,MIN,TE,29,2,2,0,0,0,0,0,0,0,,0,10,8,83,10.38,1,,,14,22,22.3,18.3,,9,71
72,Jordan Reed\ReedJo02,WAS,TE,28,2,1,0,0,0,0,0,0,0,,0,13,10,103,10.30,1,,,14,24,28.3,19.3,,11,72
73,Austin Hooper\HoopAu00,ATL,TE,24,2,0,0,0,0,0,0,0,0,,0,9,8,83,10.38,1,,,14,22,22.3,18.3,,10,73
74,Ryan Hewitt\HewiRy00,IND,,27,1,0,0,0,0,0,0,0,0,,0,1,0,0,,0,,,,,,,,2,74
75,Shane Smith\SmitSh02,NYG,,25,2,0,0,0,0,0,0,0,0,,0,0,0,0,,0,,,,,,,,4,75
76,Kenyan Drake\DrakKe00,MIA,RB,24,2,2,0,0,0,0,0,25,101,4.04,1,8,7,35,5.00,0,,,20,27,29.6,23.1,,23,76
77,Joe Flacco\FlacJo00,BAL,QB,33,2,2,57,89,612,5,2,5,11,2.20,0,0,0,0,,0,,,40,40,45.6,41.6,,12,77
78,Ted Ginn\GinnTe00,NOR,WR,33,2,1,0,0,0,0,0,1,5,5.00,0,13,9,123,13.67,1,1,,19,28,31.8,23.3,,30,78
79,Matt Ryan\RyanMa00,ATL,QB,33,2,2,44,71,523,2,2,6,26,4.33,2,0,0,0,,0,,,40,40,44.5,41.5,,13,
80,Tom Brady\BradTo00,NWE,QB,41,2,2,50,74,511,5,1,4,12,3.00,0,0,0,0,,0,,,38,38,42.6,38.6,,14,
81,Jared Goff\GoffJa00,LAR,QB,24,2,2,42,65,587,3,1,3,1,0.33,0,0,0,0,,0,,1,36,36,39.6,36.6,,15,
82,Russell Wilson\WilsRu00,SEA,QB,30,2,2,41,69,524,5,3,5,22,4.40,0,0,0,0,,0,,,35,35,42.2,38.2,,16,
83,Case Keenum\KeenCa00,DEN,QB,30,2,2,44,74,551,3,4,3,16,5.33,1,0,0,0,,0,,,34,34,40.6,37.6,,18,
84,Deshaun Watson\WatsDe00,HOU,QB,23,2,2,39,66,486,3,2,13,84,6.46,0,0,0,0,,0,,,34,34,39.8,35.8,,17,
85,Alex Smith\SmitAl03,WAS,QB,34,2,2,54,76,547,2,0,12,28,2.33,0,0,0,0,,0,,,33,33,35.7,32.7,,20,
86,Matthew Stafford\StafMa00,DET,QB,30,2,2,61,99,633,4,4,2,14,7.00,0,0,0,0,,0,,,33,33,40.7,36.7,,19,
87,Andrew Luck\LuckAn00,IND,QB,29,2,2,60,84,498,4,3,5,9,1.80,0,0,0,0,,0,,,31,31,36.8,33.8,,21,
88,Ryan Tannehill\TannRy00,MIA,QB,30,2,2,37,51,398,4,2,12,48,4.00,0,0,0,0,,0,,,31,31,36.7,32.7,,22,
89,Sam Darnold\DarnSa00,NYJ,QB,21,3,3,56,93,701,3,5,8,0,0.00,0,0,0,0,,0,,,30,30,38.0,35.0,,23,
90,Mitch Trubisky\TrubMi00,CHI,QB,24,2,2,48,69,371,2,2,12,56,4.67,1,0,0,0,,0,,,28,28,34.4,30.4,,24,
91,Jimmy Garoppolo\GaroJi00,SFO,QB,27,2,2,33,59,467,3,3,5,10,2.00,0,0,0,0,,0,,,26,26,31.7,28.7,,25,
92,Dak Prescott\PresDa01,DAL,QB,25,2,2,35,54,330,1,0,12,64,5.33,0,0,0,0,,0,1,,24,24,27.6,23.6,,26,
93,Derek Carr\CarrDe02,OAK,QB,27,2,2,58,72,591,1,3,2,1,0.50,0,0,0,0,,0,,,22,22,27.7,24.7,,27,
94,Eli Manning\MannEl00,NYG,QB,37,2,2,56,81,503,1,1,4,6,1.50,0,0,0,0,,0,,,21,21,25.7,21.7,,28,
95,Javorius Allen\AlleJa01,BAL,RB,27,2,0,0,0,0,0,0,10,25,2.50,2,13,10,51,5.10,0,,,20,30,29.6,24.6,,24,
96,Nick Foles\FoleNi00,PHI,QB,29,2,2,54,82,451,1,1,4,7,1.75,0,1,1,10,10.00,0,,,20,21,25.7,21.2,,29,
97,Josh Allen\AlleJo02,BUF,QB,22,2,1,24,48,319,1,2,12,58,4.83,0,0,0,0,,0,,,19,19,23.6,20.6,,30,
98,Kareem Hunt\HuntKa00,KAN,RB,23,2,2,0,0,0,0,0,34,124,3.65,0,2,1,5,5.00,1,,,19,20,22.9,19.4,,25,
99,Dede Westbrook\WestDe00,JAX,WR,25,2,0,0,0,0,0,0,1,-6,-6.00,0,11,9,133,14.78,1,,,19,28,30.7,23.2,,31,
100,Tyler Boyd\BoydTy00,CIN,WR,24,2,2,0,0,0,0,0,0,0,,0,14,9,117,13.00,1,,,18,27,29.7,22.2,,32,
101,Jordan Howard\HowaJo00,CHI,RB,24,2,2,0,0,0,0,0,29,117,4.03,0,9,8,58,7.25,0,,,18,26,28.5,21.5,,28,
102,David Johnson\JohnDa08,ARI,RB,27,2,2,0,0,0,0,0,22,85,3.86,1,11,6,33,5.50,0,,,18,24,23.8,20.8,,27,
103,Lamar Miller\MillLa01,HOU,RB,27,2,2,0,0,0,0,0,34,166,4.88,0,4,3,13,4.33,0,,,18,21,23.9,19.4,,26,
104,Antonio Callaway\CallAn00,CLE,WR,21,3,2,0,0,0,0,0,2,7,3.50,0,15,7,101,14.43,1,,,17,24,26.8,20.3,,36,
105,Corey Clement\ClemCo00,PHI,RB,24,2,0,0,0,0,0,0,11,56,5.09,1,6,5,55,11.00,0,,,17,22,22.1,19.6,,29,
106,Dalvin Cook\CookDa01,MIN,RB,23,2,2,0,0,0,0,0,26,78,3.00,0,12,9,107,11.89,0,,,17,26,29.5,21.0,,30,
107,Phillip Dorsett\DorsPh00,NWE,WR,25,2,1,0,0,0,0,0,0,0,,0,14,12,110,9.17,1,,,17,29,32.0,23.0,,35,
108,Will Fuller\FullWi01,HOU,WR,24,1,1,0,0,0,0,0,0,0,,0,9,8,113,14.13,1,,,17,25,28.3,21.3,,33,
109,Chris Hogan\HogaCh00,NWE,WR,30,2,0,0,0,0,0,0,0,0,,0,10,4,53,13.25,2,,,17,21,21.3,19.3,,34,
110,Marvin Jones\JoneMa02,DET,WR,28,2,2,0,0,0,0,0,0,0,,0,17,8,108,13.50,1,,,17,25,27.8,20.8,,37,
111,Mike Williams\WillMi07,LAC,WR,24,2,1,0,0,0,0,0,0,0,,0,8,7,108,15.43,1,,,17,24,26.8,20.3,,38,
112,Tavon Austin\AustTa00,DAL,RB,28,2,0,0,0,0,0,0,2,16,8.00,0,2,2,79,39.50,1,,,16,18,17.5,16.5,,32,
113,Odell Beckham\BeckOd00,NYG,WR,26,2,2,0,0,0,0,0,1,-1,-1.00,0,24,15,162,10.80,0,,,16,31,34.1,23.6,,40,
114,Royce Freeman\FreeRo00,DEN,RB,22,2,2,0,0,0,0,0,23,99,4.30,1,1,0,0,,0,,,16,16,15.9,15.9,,31,
115,Dante Pettis\PettDa00,SFO,WR,23,2,1,0,0,0,0,0,0,0,,0,7,3,96,32.00,1,,,16,19,18.6,17.1,,42,
116,Terrelle Pryor\PryoTe00,NYJ,WR,29,3,0,0,0,0,0,0,0,0,,0,14,8,158,19.75,0,,,16,24,26.8,19.8,,41,
117,Willie Snead\SneaWi00,BAL,WR,26,2,1,0,0,0,0,0,0,0,,0,14,9,103,11.44,1,,,16,25,28.3,20.8,,39,
118,Alex Collins\CollAl00,BAL,RB,24,2,2,0,0,0,0,0,16,48,3.00,1,5,4,61,15.25,0,,,15,19,19.9,16.9,,33,
119,Michael Crabtree\CrabMi00,BAL,WR,31,2,2,0,0,0,0,0,0,0,,0,16,8,94,11.75,1,,,15,23,23.4,19.4,,43,
120,Brandon Marshall\MarsBr00,SEA,WR,34,2,1,0,0,0,0,0,0,0,,0,12,7,90,12.86,1,,,15,22,22.0,18.5,,45,
121,Sammy Watkins\WatkSa00,KAN,WR,25,2,2,0,0,0,0,0,1,31,31.00,0,12,9,121,13.44,0,,,15,24,27.2,19.7,,44,
122,Jarius Wright\WrigJa02,CAR,WR,29,2,1,0,0,0,0,0,0,0,,0,12,8,85,10.63,1,,,15,23,22.5,18.5,,46,
123,Bruce Ellington\ElliBr00,HOU,WR,27,2,1,0,0,0,0,0,0,0,,0,11,7,82,11.71,1,,,14,21,21.2,17.7,,49,
124,Zach Ertz\ErtzZa00,PHI,TE,28,2,2,0,0,0,0,0,0,0,,0,23,16,142,8.88,0,,,14,30,33.2,22.2,,12,
125,Allen Robinson\RobiAl02,CHI,WR,25,2,1,0,0,0,0,0,0,0,,0,21,14,144,10.29,0,,,14,28,31.4,21.4,,47,
126,Demaryius Thomas\ThomDe03,DEN,WR,31,2,2,0,0,0,0,0,0,0,,0,21,11,81,7.36,1,,,14,25,25.1,19.6,,50,
127,Albert Wilson\WilsAl02,MIA,WR,26,2,0,0,0,0,0,0,4,15,3.75,0,9,6,68,11.33,1,,,14,20,20.3,17.3,,48,
128,Alfred Blue\BlueAl00,HOU,RB,27,2,0,0,0,0,0,0,12,72,6.00,1,0,0,0,,0,,,13,13,13.2,13.2,,34,
129,Amari Cooper\CoopAm00,OAK,WR,24,2,2,0,0,0,0,0,1,9,9.00,0,13,11,125,11.36,0,,,13,24,27.4,18.9,,51,
130,Jakeem Grant\GranJa00,MIA,WR,26,2,1,0,0,0,0,0,1,5,5.00,0,11,7,65,9.29,0,,,13,20,20.0,16.5,,52,
131,Calvin Ridley\RidlCa00,ATL,WR,24,2,0,0,0,0,0,0,1,3,3.00,0,7,4,64,16.00,1,,,13,17,16.7,14.7,,53,
132,Jordan Wilkins\WilkJo01,IND,RB,24,2,1,0,0,0,0,0,24,101,4.21,0,5,5,24,4.80,0,,,13,18,20.5,15.0,,35,
133,Corey Davis\DaviCo03,TEN,WR,23,2,2,0,0,0,0,0,0,0,,0,20,11,117,10.64,0,,,12,23,25.7,17.2,,57,
134,Devin Funchess\FuncDe00,CAR,WR,24,2,2,0,0,0,0,0,0,0,,0,14,10,118,11.80,0,,,12,22,24.8,16.8,,56,
135,Blaine Gabbert\GabbBl00,TEN,QB,29,2,1,24,42,234,1,1,2,2,1.00,0,0,0,0,,0,,,12,12,12.6,12.6,,31,
136,Rashard Higgins\HiggRa00,CLE,WR,24,3,0,0,0,0,0,0,0,0,,0,14,9,117,13.00,0,,,12,21,23.7,16.2,,58,
137,Nyheim Hines\HineNy00,IND,RB,22,2,0,0,0,0,0,0,9,26,2.89,1,10,8,31,3.88,0,,,12,20,19.7,15.7,,37,
138,D.J. Moore\MoorD.00,CAR,WR,21,2,0,0,0,0,0,0,2,10,5.00,0,2,1,51,51.00,1,,,12,13,13.1,12.6,,55,
139,Jamaal Williams\WillJa06,GNB,RB,23,2,2,0,0,0,0,0,31,106,3.42,0,6,3,12,4.00,0,,,12,15,17.8,13.3,,36,
140,Tyrell Williams\WillTy00,LAC,WR,26,2,2,0,0,0,0,0,0,0,,0,8,5,56,11.20,1,,,12,17,16.6,14.1,,59,
141,Robert Woods\WoodRo02,LAR,WR,26,2,2,0,0,0,0,0,1,6,6.00,0,18,9,118,13.11,0,,,12,21,24.4,16.9,,54,
142,Mark Andrews\AndrMa00,BAL,TE,22,2,1,0,0,0,0,0,0,0,,0,8,6,48,8.00,1,,,11,17,16.8,13.8,,15,
143,Frank Gore\GoreFr00,MIA,RB,35,2,2,0,0,0,0,0,18,86,4.78,0,1,1,19,19.00,0,,,11,12,11.5,11.0,,38,
144,George Kittle\KittGe00,SFO,TE,25,2,2,0,0,0,0,0,0,0,,0,13,7,112,16.00,0,,,11,18,21.2,14.7,,13,
145,Donte Moncrief\MoncDo00,JAX,WR,25,2,2,0,0,0,0,0,0,0,,0,14,5,48,9.60,1,,,11,16,15.8,13.3,,62,
146,Seth Roberts\RobeSe00,OAK,WR,27,2,0,0,0,0,0,0,0,0,,0,6,4,54,13.50,1,,,11,15,15.4,13.4,,60,
147,Austin Seferian-Jenkins\SefeAu00,JAX,TE,26,2,2,0,0,0,0,0,0,0,,0,10,6,48,8.00,1,,,11,17,16.8,13.8,,14,
148,Torrey Smith\SmitTo02,CAR,WR,29,2,2,0,0,0,0,0,0,0,,0,9,4,48,12.00,1,,,11,15,14.8,12.8,,61,
149,Robby Anderson\AndeRo04,NYJ,WR,25,3,2,0,0,0,0,0,1,-9,-9.00,0,10,6,90,15.00,1,,,10,16,18.1,13.1,,65,
150,Peyton Barber\BarbPe01,TAM,RB,24,2,2,0,0,0,0,0,35,91,2.60,0,2,1,7,7.00,0,,,10,11,10.8,10.3,,43,
151,Trey Burton\BurtTr01,CHI,TE,27,2,2,0,0,0,0,0,1,2,2.00,0,10,5,35,7.00,1,,,10,15,14.7,12.2,,17,
152,Kenneth Dixon\DixoKe00,BAL,RB,24,1,0,0,0,0,0,0,13,44,3.38,1,0,0,0,,0,,,10,10,10.4,10.4,,39,
153,Larry Fitzgerald\FitzLa00,ARI,WR,35,2,2,0,0,0,0,0,0,0,,0,15,10,104,10.40,0,,,10,20,23.4,15.4,,63,
154,Jimmy Graham\GrahJi00,GNB,TE,32,2,2,0,0,0,0,0,0,0,,0,12,8,103,12.88,0,,,10,18,21.3,14.3,,16,
155,Chris Ivory\IvorCh00,BUF,RB,30,2,0,0,0,0,0,0,5,10,2.00,1,2,1,30,30.00,0,,,10,11,11.0,10.5,,41,
156,Kerryon Johnson\JohnKe06,DET,RB,21,2,0,0,0,0,0,0,13,60,4.62,0,9,8,43,5.38,0,,,10,18,18.3,14.3,,40,
157,Baker Mayfield\MayfBa00,CLE,QB,23,1,0,17,23,201,0,0,2,-2,-1.00,0,0,0,0,,0,1,,10,10,9.8,9.8,,32,
158,Alfred Morris\MorrAl00,SFO,RB,30,2,1,0,0,0,0,0,26,86,3.31,0,2,2,32,16.00,0,,,10,12,12.8,10.8,,42,
159,Anthony Sherman\SherAn00,KAN,RB,30,2,0,0,0,0,0,0,0,0,,0,1,1,36,36.00,1,,,10,11,10.6,10.1,,44,
160,Laquon Treadwell\TreaLa00,MIN,WR,23,2,1,0,0,0,0,0,0,0,,0,10,4,41,10.25,1,,,10,14,14.1,12.1,,64,
161,Cole Beasley\BeasCo00,DAL,WR,29,2,1,0,0,0,0,0,0,0,,0,11,9,86,9.56,0,,,9,18,17.6,13.1,,70,
162,Kelvin Benjamin\BenjKe00,BUF,WR,27,2,2,0,0,0,0,0,0,0,,0,10,3,29,9.67,1,,,9,12,11.9,10.4,,67,
163,Malcolm Brown\BrowMa03,LAR,RB,25,2,0,0,0,0,0,0,13,51,3.92,0,3,2,18,9.00,0,1,,9,11,10.9,9.9,,47,
164,Rex Burkhead\BurkRe00,NWE,RB,28,2,2,0,0,0,0,0,24,86,3.58,0,3,1,5,5.00,0,,,9,10,10.1,9.6,,45,
165,Ryan Grant\GranRy01,IND,WR,28,2,1,0,0,0,0,0,0,0,,0,11,10,89,8.90,0,,,9,19,18.9,13.9,,68,
166,Derrick Henry\HenrDe00,TEN,RB,24,2,2,1,1,8,0,0,28,82,2.93,0,1,1,5,5.00,0,,,9,10,10.0,9.5,,46,
167,Zay Jones\JoneZa00,BUF,WR,23,2,2,0,0,0,0,0,0,0,,0,9,5,89,17.80,0,,,9,14,13.9,11.4,,69,
168,LeSean McCoy\McCoLe01,BUF,RB,30,2,2,0,0,0,0,0,16,61,3.81,0,7,5,28,5.60,0,,,9,14,13.9,11.4,,48,
169,Anthony Miller\MillAn02,CHI,WR,24,2,0,0,0,0,0,0,0,0,,0,6,4,25,6.25,1,,,9,13,12.5,10.5,,71,
170,Paul Richardson\RichPa01,WAS,WR,26,2,2,0,0,0,0,0,0,0,,0,12,8,85,10.63,0,,,9,17,16.5,12.5,,72,
171,Taywan Taylor\TaylTa00,TEN,WR,23,2,0,0,0,0,0,0,0,0,,0,5,3,32,10.67,1,,,9,12,12.2,10.7,,66,
172,Jake Butt\ButtJa00,DEN,TE,23,2,2,0,0,0,0,0,0,0,,0,10,6,77,12.83,0,,,8,14,13.7,10.7,,20,
173,Chris Carson\CarsCh00,SEA,RB,24,2,2,0,0,0,0,0,13,75,5.77,0,6,3,28,9.33,0,,,8,11,12.3,9.8,,49,
174,Garrett Celek\CeleGa00,SFO,TE,30,2,0,0,0,0,0,0,0,0,,0,2,2,22,11.00,1,,,8,10,10.2,9.2,,18,
175,A.J. Derby\DerbA.00,MIA,TE,27,2,0,0,0,0,0,0,0,0,,0,2,1,19,19.00,1,,,8,9,8.9,8.4,,19,
176,Pierre Garcon\GarcPi00,SFO,WR,32,2,2,0,0,0,0,0,0,0,,0,10,6,78,13.00,0,,,8,14,13.8,10.8,,73,
177,Josh Gordon\GordJo02,CLE,WR,27,1,1,0,0,0,0,0,0,0,,0,3,1,17,17.00,1,,,8,9,8.7,8.2,,74,
178,Virgil Green\GreeVi00,LAC,TE,30,2,2,0,0,0,0,0,0,0,,0,5,5,76,15.20,0,,,8,13,12.6,10.1,,21,
179,Jalen Richard\RichJa01,OAK,RB,25,2,0,0,0,0,0,0,7,27,3.86,0,11,9,55,6.11,0,,,8,17,17.2,12.7,,51,
180,Theo Riddick\RiddTh00,DET,RB,27,2,0,0,0,0,0,0,4,20,5.00,0,19,14,62,4.43,0,,,8,22,22.2,15.2,,50,
181,Michael Roberts\RobeMi01,DET,TE,24,2,1,0,0,0,0,0,0,0,,0,1,1,15,15.00,1,,,8,9,8.5,8.0,,22,
182,C.J. Anderson\AndeC.00,CAR,RB,27,2,1,0,0,0,0,0,10,66,6.60,0,2,0,0,,0,,,7,7,6.6,6.6,,58,
183,Alex Armah\ArmaAl00,CAR,RB,24,2,0,0,0,0,0,0,2,5,2.50,1,0,0,0,,0,,,7,7,6.5,6.5,,60,
184,Nick Boyle\BoylNi00,BAL,TE,25,2,1,0,0,0,0,0,0,0,,0,10,5,66,13.20,0,,,7,12,11.6,9.1,,26,
185,Tarik Cohen\CoheTa00,CHI,RB,23,2,1,0,0,0,0,0,9,33,3.67,0,5,4,33,8.25,0,,,7,11,10.6,8.6,,59,
186,Chris Conley\ConlCh00,KAN,WR,26,2,2,0,0,0,0,0,0,0,,0,3,3,32,10.67,1,,,7,10,11.2,8.7,,78,
187,Jamison Crowder\CrowJa00,WAS,WR,25,2,2,0,0,0,0,0,2,29,14.50,0,8,5,40,8.00,0,,,7,12,11.9,9.4,,79,
188,Chase Edmonds\EdmoCh00,ARI,RB,22,2,0,0,0,0,0,0,5,29,5.80,0,9,9,39,4.33,0,,,7,16,15.8,11.3,,57,
189,Tyler Eifert\EifeTy00,CIN,TE,28,2,0,0,0,0,0,0,0,0,,0,7,5,67,13.40,0,,,7,12,11.7,9.2,,25,
190,Taylor Gabriel\GabrTa00,CHI,WR,27,2,1,0,0,0,0,0,3,17,5.67,0,12,9,55,6.11,0,,,7,16,16.2,11.7,,76,
191,Corey Grant\GranCo00,JAX,RB,27,2,0,0,0,0,0,0,5,16,3.20,0,7,6,56,9.33,0,,,7,13,13.2,10.2,,53,
192,Duke Johnson\JohnDu00,CLE,RB,25,3,1,0,0,0,0,0,10,29,2.90,0,10,5,39,7.80,0,,,7,12,11.8,9.3,,56,
193,Kyle Juszczyk\JuszKy00,SFO,RB,27,2,2,0,0,0,0,0,0,0,,0,6,4,69,17.25,0,,,7,11,10.9,8.9,,54,
194,Ty Montgomery\MontTy01,GNB,RB,25,2,0,0,0,0,0,0,7,38,5.43,0,5,3,30,10.00,0,,,7,10,9.8,8.3,,55,
195,David Njoku\NjokDa00,CLE,TE,22,3,3,0,0,0,0,0,0,0,,0,16,9,69,7.67,0,,,7,16,15.9,11.4,,24,
196,Rashaad Penny\PennRa00,SEA,RB,22,2,0,0,0,0,0,0,17,38,2.24,0,7,4,35,8.75,0,,,7,11,11.3,9.3,,52,
197,John Ross\RossJo00,CIN,WR,24,2,1,0,0,0,0,0,1,-3,-3.00,0,6,2,11,5.50,1,,,7,9,8.8,7.8,,80,
198,Sterling Shepard\ShepSt00,NYG,WR,25,2,2,0,0,0,0,0,0,0,,0,12,8,72,9.00,0,,,7,15,15.2,11.2,,77,
199,James Washington\WashJa00,PIT,WR,22,2,1,0,0,0,0,0,0,0,,0,5,1,14,14.00,1,,,7,8,8.4,7.9,,75,
200,Maxx Williams\WillMa04,BAL,TE,24,2,1,0,0,0,0,0,1,7,7.00,0,6,6,63,10.50,0,,,7,13,13.0,10.0,,23,
201,Danny Amendola\AmenDa00,MIA,WR,33,2,2,0,0,0,0,0,0,0,,0,10,8,58,7.25,0,,,6,14,13.8,9.8,,87,
202,Kendrick Bourne\BourKe00,SFO,WR,23,2,0,0,0,0,0,0,0,0,,0,2,1,4,4.00,1,,,6,7,7.4,6.9,,81,
203,Jack Doyle\DoylJa00,IND,TE,28,2,2,0,0,0,0,0,0,0,,0,15,9,80,8.89,0,,,6,15,16.0,10.5,,29,
204,Leonard Fournette\FourLe00,JAX,RB,23,1,1,0,0,0,0,0,9,41,4.56,0,3,3,14,4.67,0,,,6,9,8.5,7.0,,62,
205,Tyler Higbee\HigbTy00,LAR,TE,25,2,2,0,0,0,0,0,0,0,,0,2,1,3,3.00,1,,,6,7,7.3,6.8,,27,
206,Darius Jennings\JennDa00,TEN,,26,2,0,0,0,0,0,0,0,0,,0,0,0,0,,0,,,6,6,6.0,6.0,,86,
207,Latavius Murray\MurrLa00,MIN,RB,28,2,0,0,0,0,0,0,15,61,4.07,0,0,0,0,,0,,,6,6,6.1,6.1,,61,
208,Joshua Perkins\PerkJo02,PHI,TE,25,2,0,0,0,0,0,0,0,0,,0,6,4,57,14.25,0,,,6,10,9.7,7.7,,30,
209,Andre Roberts\RobeAn00,NYJ,WR,30,3,0,0,0,0,0,0,1,2,2.00,0,0,0,0,,0,,,6,6,6.2,6.2,,83,
210,Demarcus Robinson\RobiDe01,KAN,WR,24,2,0,0,0,0,0,0,0,0,,0,1,1,3,3.00,1,,,6,7,7.3,6.8,,82,
211,Deonte Thompson\ThomDe04,DAL,WR,29,2,2,0,0,0,0,0,0,0,,0,10,7,60,8.57,0,,,6,13,13.0,9.5,,85,
212,De'Anthony Thomas\ThomDe05,KAN,WR,25,2,0,0,0,0,0,0,0,0,,0,2,1,1,1.00,1,,,6,7,7.1,6.6,,84,
213,Ben Watson\WatsBe00,NOR,TE,38,2,2,0,0,0,0,0,0,0,,0,9,7,63,9.00,0,,,6,13,13.3,9.8,,28,
214,Giovani Bernard\BernGi00,CIN,RB,27,2,0,0,0,0,0,0,7,25,3.57,0,8,5,26,5.20,0,,,5,10,10.1,7.6,,64,
215,Josh Doctson\DoctJo00,WAS,WR,26,2,2,0,0,0,0,0,0,0,,0,10,5,48,9.60,0,,,5,10,9.8,7.3,,90,
216,Devonta Freeman\FreeDe00,ATL,RB,26,1,1,0,0,0,0,0,6,36,6.00,0,5,3,14,4.67,0,,,5,8,8.0,6.5,,65,
217,Lamar Jackson\JackLa00,BAL,QB,21,2,0,1,4,24,0,0,9,45,5.00,0,0,0,0,,0,,,5,5,5.5,5.5,,33,
218,Jordy Nelson\NelsJo00,OAK,WR,33,2,2,0,0,0,0,0,0,0,,0,8,5,53,10.60,0,,,5,10,10.3,7.8,,89,
219,Ito Smith\SmitIt00,ATL,RB,23,2,0,0,0,0,0,0,9,46,5.11,0,1,1,8,8.00,0,,,5,6,6.4,5.9,,63,
220,Luke Stocker\StocLu00,TEN,TE,30,2,1,0,0,0,0,0,0,0,,0,4,4,52,13.00,0,,,5,9,9.2,7.2,,32,
221,Courtland Sutton\SuttCo00,DEN,WR,23,2,0,0,0,0,0,0,0,0,,0,11,3,54,18.00,0,,,5,8,8.4,6.9,,88,
222,Eric Tomlinson\TomlEr01,NYJ,TE,26,3,3,0,0,0,0,0,0,0,,0,5,3,45,15.00,0,,,5,8,7.5,6.0,,34,
223,C.J. Uzomah\UzomC.00,CIN,TE,25,2,2,0,0,0,0,0,0,0,,0,5,4,49,12.25,0,,,5,9,8.9,6.9,,33,
224,Delanie Walker\WalkHu00,TEN,TE,34,1,1,0,0,0,0,0,0,0,,0,7,4,52,13.00,0,,,5,9,9.2,7.2,,31,
225,Kamar Aiken\AikeKa00,PHI,WR,29,1,1,0,0,0,0,0,0,0,,0,6,5,39,7.80,0,,,4,9,8.9,6.4,,94,
226,Sam Bradford\BradSa00,ARI,QB,31,2,2,37,61,243,0,2,2,7,3.50,0,0,0,0,,0,,,4,4,7.4,6.4,,34,
227,Jaron Brown\BrowJa03,SEA,WR,28,2,0,0,0,0,0,0,0,0,,0,6,4,43,10.75,0,,,4,8,8.3,6.3,,91,
228,Nick Chubb\ChubNi00,CLE,RB,23,3,0,0,0,0,0,0,7,41,5.86,0,0,0,0,,0,,,4,4,4.1,4.1,,70,
229,Antonio Gates\GateAn00,LAC,TE,38,2,0,0,0,0,0,0,0,0,,0,4,2,16,8.00,0,1,,4,6,5.6,4.6,,36,
230,Jacob Hollister\HollJa03,NWE,WR,25,1,1,0,0,0,0,0,0,0,,0,3,3,35,11.67,0,,,4,7,6.5,5.0,,96,
231,Adam Humphries\HumpAd00,TAM,WR,25,2,1,0,0,0,0,0,0,0,,0,7,4,35,8.75,0,,,4,8,7.5,5.5,,97,
232,Cody Latimer\LatiCo00,NYG,WR,26,2,0,0,0,0,0,0,0,0,,0,3,2,41,20.50,0,,,4,6,6.1,5.1,,93,
233,Marlon Mack\MackMa00,IND,RB,22,1,1,0,0,0,0,0,10,34,3.40,0,2,1,2,2.00,0,,,4,5,4.6,4.1,,72,
234,Doug Martin\MartDo00,OAK,RB,29,2,0,0,0,0,0,0,11,44,4.00,0,3,3,-3,-1.00,0,,,4,7,7.1,5.6,,69,
235,Sony Michel\MichSo00,NWE,RB,23,1,0,0,0,0,0,0,10,34,3.40,0,2,1,7,7.00,0,,,4,5,5.1,4.6,,68,
236,Marcus Murphy\MurpMa03,BUF,RB,27,2,0,0,0,0,0,0,9,37,4.11,0,7,1,7,7.00,0,,,4,5,5.4,4.9,,66,
237,Cordarrelle Patterson\PattCo00,NWE,WR,27,2,1,0,0,0,0,0,4,18,4.50,0,6,4,24,6.00,0,,,4,8,8.2,6.2,,92,
238,Jacquizz Rodgers\RodgJa00,TAM,RB,28,2,0,0,0,0,0,0,7,14,2.00,0,4,4,25,6.25,0,,,4,8,7.9,5.9,,71,
239,Chester Rogers\RogeCh02,IND,WR,24,2,1,0,0,0,0,0,0,0,,0,6,6,35,5.83,0,,,4,10,9.5,6.5,,95,
240,Ricky Seals-Jones\SealRi00,ARI,TE,23,2,2,0,0,0,0,0,0,0,,0,12,7,36,5.14,0,,,4,11,10.6,7.1,,35,
241,Spencer Ware\WareSp00,KAN,RB,27,2,0,0,0,0,0,0,4,35,8.75,0,1,1,8,8.00,0,,,4,5,5.3,4.8,,67,
242,Jordan Akins\AkinJo00,HOU,TE,26,2,0,0,0,0,0,0,0,0,,0,4,4,32,8.00,0,,,3,7,7.2,5.2,,39,
243,LeGarrette Blount\BlouLe00,DET,RB,32,2,2,0,0,0,0,0,12,35,2.92,0,1,1,-3,-3.00,0,,,3,4,4.2,3.7,,75,
244,Devontae Booker\BookDe00,DEN,RB,26,2,0,0,0,0,0,0,5,21,4.20,0,2,2,11,5.50,0,,,3,5,5.2,4.2,,73,
245,Martavis Bryant\BryaMa00,OAK,WR,27,1,1,0,0,0,0,0,0,0,,0,3,4,30,7.50,0,,,3,7,7.0,5.0,,102,
246,Derek Carrier\CarrDe00,OAK,TE,28,2,1,0,0,0,0,0,0,0,,0,5,3,25,8.33,0,,,3,6,5.5,4.0,,50,
247,Charles Clay\ClayCh00,BUF,TE,29,2,2,0,0,0,0,0,0,0,,0,5,2,29,14.50,0,,,3,5,4.9,3.9,,41,
248,Jason Croom\CrooJa00,BUF,TE,24,2,0,0,0,0,0,0,0,0,,0,7,4,25,6.25,0,,,3,7,6.5,4.5,,49,
249,Darren Fells\FellDa01,CLE,TE,32,3,3,0,0,0,0,0,0,0,,0,3,3,27,9.00,0,,,3,6,5.7,4.2,,45,
250,Robert Foster\FostRo01,BUF,WR,24,2,0,0,0,0,0,0,0,0,,0,5,2,30,15.00,0,,,3,5,5.0,4.0,,104,
251,Marvin Hall\HallMa02,ATL,WR,25,2,0,0,0,0,0,0,0,0,,0,1,1,30,30.00,0,,,3,4,4.0,3.5,,103,
252,Christopher Herndon\HernCh00,NYJ,TE,22,3,2,0,0,0,0,0,0,0,,0,6,4,29,7.25,0,,,3,7,6.9,4.9,,42,
253,Jeff Heuerman\HeueJe00,DEN,TE,26,2,2,0,0,0,0,0,0,0,,0,4,3,25,8.33,0,,,3,6,5.5,4.0,,48,
254,Jeremy Hill\HillJe01,NWE,RB,26,1,0,0,0,0,0,0,4,25,6.25,0,1,1,6,6.00,0,,,3,4,4.1,3.6,,76,
255,Allen Hurns\HurnAl01,DAL,WR,27,2,1,0,0,0,0,0,0,0,,0,5,2,29,14.50,0,,,3,5,4.9,3.9,,105,
256,Jermaine Kearse\KearJe01,NYJ,WR,28,2,0,0,0,0,0,0,0,0,,0,8,4,34,8.50,0,,,3,7,7.4,5.4,,98,
257,Christian Kirk\KirkCh01,ARI,WR,22,2,0,0,0,0,0,0,0,0,,0,7,5,31,6.20,0,,,3,8,8.1,5.6,,100,
258,Vance McDonald\McDoVa00,PIT,TE,28,1,0,0,0,0,0,0,0,0,,0,5,3,26,8.67,0,,,3,6,5.6,4.1,,47,
259,David Morgan\MorgDa01,MIN,TE,25,2,1,0,0,0,0,0,0,0,,0,3,3,28,9.33,0,,,3,6,5.8,4.3,,43,
260,Greg Olsen\OlseGr00,CAR,TE,33,1,1,0,0,0,0,0,0,0,,0,2,2,33,16.50,0,,,3,5,5.3,4.3,,38,
261,Tim Patrick\PatrTi00,DEN,WR,25,2,0,0,0,0,0,0,0,0,,0,4,1,26,26.00,0,,,3,4,3.6,3.1,,108,
262,Mohamed Sanu\SanuMo00,ATL,WR,29,2,2,0,0,0,0,0,1,-4,-4.00,0,8,6,37,6.17,0,,,3,9,9.3,6.3,,99,
263,Tajae Sharpe\SharTa00,TEN,WR,24,2,2,0,0,0,0,0,0,0,,0,5,2,31,15.50,0,,,3,5,5.1,4.1,,101,
264,Darren Sproles\SproDa00,PHI,RB,35,1,1,0,0,0,0,0,5,10,2.00,0,7,4,22,5.50,0,,,3,7,7.2,5.2,,74,
265,Neal Sterling\SterNe00,NYJ,TE,26,2,2,0,0,0,0,0,0,0,,0,3,3,27,9.00,0,,,3,6,5.7,4.2,,44,
266,Ryan Switzer\SwitRy00,PIT,WR,24,2,0,0,0,0,0,0,3,13,4.33,0,3,1,14,14.00,0,,,3,4,3.7,3.2,,107,
267,Trent Taylor\TaylTr02,SFO,WR,24,2,0,0,0,0,0,0,0,0,,0,8,4,28,7.00,0,,,3,7,6.8,4.8,,106,
268,Jordan Thomas\ThomJo05,HOU,TE,22,2,1,0,0,0,0,0,0,0,,0,5,1,27,27.00,0,,,3,4,3.7,3.2,,46,
269,Logan Thomas\ThomLo00,BUF,TE,27,2,0,0,0,0,0,0,0,0,,0,3,2,31,15.50,0,,,3,5,5.1,4.1,,40,
270,Nick Vannett\VannNi00,SEA,TE,25,2,2,0,0,0,0,0,0,0,,0,7,4,34,8.50,0,,,3,7,7.4,5.4,,37,
271,Travis Benjamin\BenjTr00,LAC,WR,29,1,0,0,0,0,0,0,1,19,19.00,0,5,1,1,1.00,0,,,2,3,3.0,2.5,,109,
272,Trenton Cannon\CannTr00,NYJ,RB,24,3,0,0,0,0,0,0,6,15,2.50,0,1,1,6,6.00,0,,,2,3,3.1,2.6,,81,
273,Austin Carr\CarrAu00,NOR,WR,25,2,1,0,0,0,0,0,0,0,,0,3,2,20,10.00,0,,,2,4,4.0,3.0,,110,
274,Vernon Davis\DaviVe00,WAS,TE,34,2,1,0,0,0,0,0,0,0,,0,2,2,16,8.00,0,,,2,4,3.6,2.6,,60,
275,James Develin\DeveJa00,NWE,RB,30,2,1,0,0,0,0,0,0,0,,0,5,4,22,5.50,0,,,2,6,6.2,4.2,,79,
276,Patrick DiMarco\DiMaPa00,BUF,RB,29,2,1,0,0,0,0,0,0,0,,0,1,1,24,24.00,0,,,2,3,3.4,2.9,,77,
277,Rhett Ellison\ElliRh00,NYG,TE,30,2,2,0,0,0,0,0,0,0,,0,3,3,21,7.00,0,,,2,5,5.1,3.6,,52,
278,Gerald Everett\EverGe00,LAR,TE,24,2,0,0,0,0,0,0,0,0,,0,2,1,17,17.00,0,,,2,3,2.7,2.2,,59,
279,Wayne Gallman\GallWa00,NYG,RB,24,2,0,0,0,0,0,0,2,1,0.50,0,3,3,20,6.67,0,,,2,5,5.1,3.6,,80,
280,Ryan Griffin\GrifRy00,HOU,TE,28,2,2,0,0,0,0,0,0,0,,0,6,1,19,19.00,0,,,2,3,2.9,2.4,,55,
281,Josh Hill\HillJo02,NOR,TE,28,2,1,0,0,0,0,0,0,0,,0,2,2,20,10.00,0,,,2,4,4.0,3.0,,53,
282,Lance Kendricks\KendLa00,GNB,TE,30,2,0,0,0,0,0,0,0,0,,0,2,2,17,8.50,0,,,2,4,3.7,2.7,,58,
283,Tyler Kroft\KrofTy00,CIN,TE,26,2,1,0,0,0,0,0,0,0,,0,3,3,20,6.67,0,,,2,5,5.0,3.5,,54,
284,Marcus Mariota\MariMa01,TEN,QB,25,1,1,9,16,103,0,2,3,15,5.00,0,0,0,0,,0,,,2,2,3.6,3.6,,35,
285,Chris Moore\MoorCh00,BAL,WR,25,2,0,0,0,0,0,0,1,2,2.00,0,4,3,14,4.67,0,,,2,5,4.6,3.1,,114,
286,Roosevelt Nix\NixxRo01,PIT,RB,26,2,0,0,0,0,0,0,0,0,,0,1,1,19,19.00,0,,,2,3,2.9,2.4,,82,
287,James O'Shaughnessy\O'ShJa00,JAX,TE,26,2,0,0,0,0,0,0,0,0,,0,3,1,17,17.00,0,,,2,3,2.7,2.2,,57,
288,Zach Pascal\PascZa00,IND,WR,24,2,0,0,0,0,0,0,0,0,,0,1,1,18,18.00,0,,,2,3,2.8,2.3,,113,
289,Niles Paul\PaulNi00,JAX,TE,29,2,0,0,0,0,0,0,0,0,,0,2,1,22,22.00,0,,,2,3,3.2,2.7,,51,
290,C.J. Prosise\ProsC.00,SEA,RB,24,2,0,0,0,0,0,0,0,0,,0,3,3,22,7.33,0,,,2,5,5.2,3.7,,78,
291,Tre'Quan Smith\SmitTr03,NOR,WR,22,2,1,0,0,0,0,0,0,0,,0,2,1,18,18.00,0,,,2,3,2.8,2.3,,112,
292,Geoff Swaim\SwaiGe00,DAL,TE,25,2,2,0,0,0,0,0,0,0,,0,4,3,18,6.00,0,,,2,5,4.8,3.3,,56,
293,Terrance Williams\WillTe01,DAL,WR,29,2,1,0,0,0,0,0,0,0,,0,3,2,18,9.00,0,,,2,4,3.8,2.8,,111,
294,Shaun Wilson\WilsSh01,TAM,RB,23,2,0,0,0,0,0,0,2,15,7.50,0,0,0,0,,0,,,2,2,1.5,1.5,,83,
295,Josh Bellamy\BellJo02,CHI,WR,29,2,0,0,0,0,0,0,0,0,,0,1,1,6,6.00,0,,,1,2,1.6,1.1,,120,
296,Michael Burton\BurtMi00,CHI,RB,26,1,1,0,0,0,0,0,0,0,,0,1,1,6,6.00,0,,,1,2,1.6,1.1,,94,
297,DeAndre Carter\CartDe02,PHI,WR,25,2,1,0,0,0,0,0,0,0,,0,1,1,10,10.00,0,,,1,2,2.0,1.5,,117,
298,Tyler Conklin\ConkTy00,MIN,TE,23,2,0,0,0,0,0,0,0,0,,0,1,1,6,6.00,0,,,1,2,1.6,1.1,,69,
299,Tyler Ervin\ErviTy00,HOU,RB,25,2,0,0,0,0,0,0,0,0,,0,1,1,12,12.00,0,,,1,2,2.2,1.7,,85,
300,Michael Gallup\GallMi00,DAL,WR,22,2,0,0,0,0,0,0,0,0,,0,3,2,14,7.00,0,,,1,3,3.4,2.4,,115,
301,Mike Gesicki\GesiMi00,MIA,TE,23,2,1,0,0,0,0,0,0,0,,0,2,1,11,11.00,0,,,1,2,2.1,1.6,,65,
302,Mike Gillislee\GillMi00,NOR,RB,28,2,0,0,0,0,0,0,11,27,2.45,0,0,0,0,,0,,,1,1,1.7,0.7,,93,
303,C.J. Ham\HamxC.00,MIN,RB,25,2,0,0,0,0,0,0,1,5,5.00,0,2,0,0,,0,,,1,1,0.5,0.5,,96,
304,Andre Holmes\HolmAn00,BUF,WR,30,2,0,0,0,0,0,0,0,0,,0,5,1,14,14.00,0,,,1,2,2.4,1.9,,116,
305,Justin Hunter\HuntJu00,PIT,WR,27,1,0,0,0,0,0,0,0,0,,0,5,1,6,6.00,0,,,1,2,1.6,1.1,,121,
306,Andy Janovich\JanoAn00,DEN,RB,25,2,0,0,0,0,0,0,0,0,,0,1,1,11,11.00,0,,,1,2,2.1,1.6,,86,
307,T.J. Jones\JoneT.00,DET,WR,26,2,0,0,0,0,0,0,0,0,,0,3,1,6,6.00,0,,,1,2,1.6,1.1,,122,
308,Robert Kelley\KellRo00,WAS,RB,26,2,0,0,0,0,0,0,4,8,2.00,0,0,0,0,,0,,,1,1,0.8,0.8,,90,
309,Jeremy Kerley\KerlJe00,BUF,WR,30,1,1,0,0,0,0,0,0,0,,0,4,2,7,3.50,0,,,1,3,2.7,1.7,,119,
310,Tre Madden\MaddTr01,SEA,RB,25,2,0,0,0,0,0,0,0,0,,0,1,1,7,7.00,0,,,1,2,1.7,1.2,,92,
311,Rishard Matthews\MattRi00,TEN,WR,29,2,0,0,0,0,0,0,0,0,,0,4,2,8,4.00,0,,,1,3,2.8,1.8,,118,
312,Christine Michael\MichCh00,IND,RB,28,1,0,0,0,0,0,0,2,9,4.50,0,0,0,0,,0,,,1,1,0.9,0.9,,88,
313,Logan Paulsen\PaulLo00,ATL,TE,31,2,2,0,0,0,0,0,0,0,,0,1,1,10,10.00,0,,,1,2,2.0,1.5,,66,
314,Stevan Ridley\RidlSt00,PIT,RB,29,2,0,0,0,0,0,0,1,2,2.00,0,1,1,5,5.00,0,,,1,2,1.7,1.2,,91,
315,Dion Sims\SimsDi00,CHI,TE,27,2,2,0,0,0,0,0,0,0,,0,3,2,9,4.50,0,,,1,3,2.9,1.9,,67,
316,Wendell Smallwood\SmalWe00,PHI,RB,24,2,0,0,0,0,0,0,7,28,4.00,0,1,1,2,2.00,0,,,1,2,3.0,1.5,,87,
317,Jonnu Smith\SmitJo01,TEN,TE,23,2,2,0,0,0,0,0,0,0,,0,3,1,12,12.00,0,,,1,2,2.2,1.7,,64,
318,Keith Smith\SmitKe03,OAK,RB,26,2,0,0,0,0,0,0,0,0,,0,3,2,12,6.00,0,,,1,3,3.2,2.2,,84,
319,Rod Smith\SmitRo06,DAL,RB,26,2,0,0,0,0,0,0,1,5,5.00,0,1,0,0,,0,,,1,1,0.5,0.5,,95,
320,Jonathan Stewart\StewJo00,NYG,RB,31,2,0,0,0,0,0,0,4,9,2.25,0,0,0,0,,0,,,1,1,0.9,0.9,,89,
321,Erik Swoope\SwooEr00,IND,TE,26,1,0,0,0,0,0,0,0,0,,0,1,1,13,13.00,0,,,1,2,2.3,1.8,,62,
322,Ian Thomas\ThomIa00,CAR,TE,22,2,1,0,0,0,0,0,0,0,,0,5,4,14,3.50,0,,,1,5,5.4,3.4,,61,
323,Levine Toilolo\ToilLe00,DET,TE,27,2,1,0,0,0,0,0,0,0,,0,1,1,7,7.00,0,,,1,2,1.7,1.2,,68,
324,Hakeem Valles\VallHa00,DET,TE,26,1,0,0,0,0,0,0,0,0,,0,2,1,5,5.00,0,,,1,2,1.5,1.0,,70,
325,Luke Willson\WillLu00,DET,TE,28,2,1,0,0,0,0,0,0,0,,0,2,1,13,13.00,0,,,1,2,2.3,1.8,,63,
326,Dwayne Allen\AlleDw00,NWE,,28,2,2,0,0,0,0,0,0,0,,0,0,0,0,,0,,,,,,,,80,
327,Cameron Artis-Payne\ArtiCa00,CAR,,28,1,0,0,0,0,0,0,0,0,,0,0,0,0,,0,,,,,,,,108,
328,Tommy Bohanon\BohaTo00,JAX,,28,2,2,0,0,0,0,0,0,0,,0,0,0,0,,0,,,,,,,,3,
329,Brandon Bolden\BoldBr00,MIA,,28,2,0,0,0,0,0,0,0,0,,0,0,0,0,,0,,,,,,,,106,
330,Ben Braunecker\BrauBe00,CHI,,24,2,0,0,0,0,0,0,0,0,,0,0,0,0,,0,,,,,,,,84,
331,Daniel Brown\BrowDa04,CHI,,26,1,0,0,0,0,0,0,0,0,,0,0,0,0,,0,,,,,,,,150,
332,Orson Charles\CharOr00,CLE,,27,3,0,0,0,0,0,0,0,0,,0,1,0,0,,0,,,,,,,,86,
333,Jehu Chesson\ChesJe00,WAS,,25,1,0,0,0,0,0,0,0,0,,0,1,0,0,,0,,,,,,,,141,
334,Sammie Coates\CoatSa00,HOU,,25,1,0,0,0,0,0,0,0,0,,0,1,0,0,,0,,,,,,,,124,
335,Derrick Coleman\ColeDe00,ARI,RB,28,2,1,0,0,0,0,0,1,1,1.00,0,0,0,0,,0,,,,,0.1,0.1,,102,
336,Stacy Coley\ColeSt00,MIN,,24,2,0,0,0,0,0,0,0,0,,0,1,0,0,,0,,,,,,,,132,
337,Pharoh Cooper\CoopPh00,LAR,,23,1,0,0,0,0,0,0,0,0,,0,0,0,0,,0,,,,,,,,146,
338,Alan Cross\CrosAl00,TAM,,25,2,1,0,0,0,0,0,0,0,,0,1,0,0,,0,,,,,,,,88,
339,Sean Culkin\CulkSe00,LAC,,25,2,1,0,0,0,0,0,0,0,,0,0,0,0,,0,,,,,,,,82,
340,Benny Cunningham\CunnBe01,CHI,,28,2,0,0,0,0,0,0,0,0,,0,0,0,0,,0,,,,,,,,109,
341,Darrell Daniels\DaniDa02,SEA,,24,2,0,0,0,0,0,0,0,0,,0,0,0,0,,0,,,,,,,,76,
342,Geremy Davis\DaviGe00,LAC,,26,1,0,0,0,0,0,0,0,0,,0,0,0,0,,0,,,,,,,,140,
343,Justin Davis\DaviJu00,LAR,,23,1,0,0,0,0,0,0,0,0,,0,0,0,0,,0,,,,,,,,105,
344,Mike Davis\DaviMi01,SEA,RB,25,1,0,0,0,0,0,0,3,3,1.00,0,1,1,-1,-1.00,0,,,,1,1.2,0.7,,100,
345,Seth Devalve\DevaSe00,CLE,,25,1,1,0,0,0,0,0,0,0,,0,0,0,0,,0,,,,,,,,73,
346,David Fluellen\FlueDa00,TEN,,26,2,0,0,0,0,0,0,0,0,,0,0,0,0,,0,,,,,,,,103,
347,Dallas Goedert\GoedDa00,PHI,TE,23,2,0,0,0,0,0,0,0,0,,0,3,1,4,4.00,0,,,,1,1.4,0.9,,71,
348,Marquise Goodwin\GoodMa00,SFO,,28,1,1,0,0,0,0,0,0,0,,0,1,0,0,,0,,,,,,,,147,
349,Xavier Grimble\GrimXa00,PIT,,26,2,1,0,0,0,0,0,0,0,,0,0,0,0,,0,,,,,,,,83,
350,Justin Hardy\HardJu00,ATL,,27,2,0,0,0,0,0,0,0,0,,0,0,0,0,,0,,,,,,,,134,
351,Justin Hardee\HardJu01,NOR,,24,2,0,0,0,0,0,0,0,0,,0,0,0,0,,0,,,,,,,,151,
352,Clark Harris\HarrCl20,CIN,,34,2,0,0,0,0,0,0,0,0,,0,0,0,0,,0,,,,,,,,85,
353,Demetrius Harris\HarrDe03,KAN,,27,1,0,0,0,0,0,0,0,0,,0,0,0,0,,0,,,,,,,,79,
354,Darrius Heyward-Bey\HeywDa00,PIT,,31,2,0,0,0,0,0,0,0,0,,0,0,0,0,,0,,,,,,,,139,
355,Darius Jackson\JackDa01,GNB,,25,2,0,0,0,0,0,0,0,0,,0,0,0,0,,0,,,,,,,,104,
356,Marcus Johnson\JohnMa07,IND,,24,1,0,0,0,0,0,0,0,0,,0,0,0,0,,0,,,,,,,,127,
357,Matt LaCosse\LaCoMa00,DEN,,26,2,0,0,0,0,0,0,0,0,,0,1,0,0,,0,,,,,,,,75,
358,Brandon LaFell\LaFeBr00,OAK,,32,1,0,0,0,0,0,0,0,0,,0,0,0,0,,0,,,,,,,,145,
359,Marcedes Lewis\LewiMa00,GNB,,34,2,0,0,0,0,0,0,0,0,,0,1,0,0,,0,,,,,,,,89,
360,Tommylee Lewis\LewiTo00,NOR,,26,2,0,0,0,0,0,0,0,0,,0,0,0,0,,0,,,,,,,,143,
361,Zach Line\LineZa01,NOR,RB,28,2,0,0,0,0,0,0,0,0,,0,2,1,4,4.00,0,,,,1,1.4,0.9,,98,
362,Bradley Marquez\MarqBr00,DET,,26,1,0,0,0,0,0,0,0,0,,0,0,0,0,,0,,,,,,,,144,
363,Freddie Martino\MartFr00,TAM,,27,2,0,0,0,0,0,0,0,0,,0,1,0,0,,0,,,,,,,,148,
364,Tanner McEvoy\McEvTa01,MIA,,25,2,0,0,0,0,0,0,0,0,,0,0,0,0,,0,,,,,,,,128,
365,Raheem Mostert\MostRa00,SFO,,26,2,0,0,0,0,0,0,0,0,,0,0,0,0,,0,,,,,,,,107,
366,JJ Nelson\NelsJJ00,ARI,,26,2,0,0,0,0,0,0,0,0,,0,1,0,0,,0,,,,,,,,131,
367,Detrez Newsome\NewsDe00,LAC,RB,24,2,0,0,0,0,0,0,1,0,0.00,0,0,0,0,,0,,,,,,,,110,
368,Jamize Olawale\OlawJa00,DAL,,29,2,1,0,0,0,0,0,0,0,,0,0,0,0,,0,,,,,,,,1,
369,Charone Peake\PeakCh00,NYJ,,26,3,0,0,0,0,0,0,0,0,,0,0,0,0,,0,,,,,,,,129,
370,Senorise Perry\PerrSe00,MIA,,27,2,0,0,0,0,0,0,0,0,,0,0,0,0,,0,,,,,,,,111,
371,MyCole Pruitt\PruiMy00,TEN,,26,1,0,0,0,0,0,0,0,0,,0,0,0,0,,0,,,,,,,,74,
372,Brian Quick\QuicBr00,WAS,,29,1,0,0,0,0,0,0,0,0,,0,0,0,0,,0,,,,,,,,135,
373,Josh Reynolds\ReynJo00,LAR,,23,2,0,0,0,0,0,0,0,0,,0,0,0,0,,0,,,,,,,,126,
374,Eric Saubert\SaubEr00,ATL,,24,2,0,0,0,0,0,0,0,0,,0,1,0,0,,0,,,,,,,,81,
375,Matt Schaub\SchaMa00,ATL,QB,37,1,0,0,0,0,0,0,1,0,0.00,0,0,0,0,,0,,,,,,,,36,
376,Russell Shepard\ShepRu00,NYG,,28,2,0,0,0,0,0,0,0,0,,0,1,0,0,,0,,,,,,,,133,
377,Matt Slater\SlatMa00,NWE,,33,2,0,0,0,0,0,0,0,0,,0,0,0,0,,0,,,,,,,,125,
378,Geno Smith\SmitGe00,LAC,QB,28,1,0,0,0,0,0,0,1,-1,-1.00,0,0,0,0,,0,,,,,-0.1,-0.1,,37,
379,Lee Smith\SmitLe00,OAK,,31,2,0,0,0,0,0,0,0,0,,0,0,0,0,,0,,,,,,,,87,
380,Nate Solder\SoldNa00,NYG,,30,2,2,0,0,0,0,0,0,0,,0,0,0,0,,0,,,,,,,,72,
381,Jeremy Sprinkle\SpriJe00,WAS,,24,2,0,0,0,0,0,0,0,0,,0,0,0,0,,0,,,,,,,,77,
382,Mike Thomas\ThomMi04,LAR,,24,1,0,0,0,0,0,0,0,0,,0,0,0,0,,0,,,,,,,,137,
383,Marquez Valdes-Scantling\ValdMa00,GNB,WR,24,2,0,0,0,0,0,0,0,0,,0,1,1,3,3.00,0,,,,1,1.3,0.8,,123,
384,Mike Wallace\WallMi00,PHI,,32,2,2,0,0,0,0,0,0,0,,0,3,0,0,,0,,,,,,,,130,
385,Derek Watt\WattDe00,LAC,RB,26,2,0,0,0,0,0,0,1,1,1.00,0,0,0,0,,0,,,,,0.1,0.1,,101,
386,Joe Webb\WebbJo00,HOU,,32,2,0,0,0,0,0,0,0,0,,0,0,0,0,,0,,,,,,,,149,
387,Markus Wheaton\WheaMa00,PHI,,27,1,0,0,0,0,0,0,0,0,,0,0,0,0,,0,,,,,,,,136,
388,Kevin White\WhitKe00,CHI,,26,2,0,0,0,0,0,0,0,0,,0,0,0,0,,0,,,,,,,,142,
389,Cole Wick\WickCo00,SFO,,25,2,0,0,0,0,0,0,0,0,,0,0,0,0,,0,,,,,,,,78,
390,Brandon Wilds\WildBr01,JAX,RB,25,1,0,0,0,0,0,0,3,4,1.33,0,0,0,0,,0,,,,,0.4,0.4,,97,
391,Chad Williams\WillCh05,ARI,,24,2,1,0,0,0,0,0,0,0,,0,6,0,0,,0,,,,,,,,138,
392,Damien Williams\WillDa05,KAN,RB,26,2,0,0,0,0,0,0,1,0,0.00,0,1,1,2,2.00,0,,,,1,1.2,0.7,,99,
393,Jonathan Williams\WillJo07,NOR,RB,24,2,0,0,0,0,0,0,2,-1,-0.50,0,0,0,0,,0,,,,,-0.1,-0.1,,112,
394,DJ Chark\CharDJ00,JAX,WR,22,2,0,0,0,0,0,0,0,0,,0,4,1,13,13.00,0,,,-1,,1.3,-0.2,,152,
395,Matt Cassel\CassMa00,DET,QB,36,1,0,2,6,14,0,1,1,-1,-1.00,0,0,0,0,,0,,,-2,-2,-0.5,-0.5,,38,
396,Kaelin Clay\ClayKa00,NYG,,26,2,0,0,0,0,0,0,0,0,,0,0,0,0,,0,,,-2,-2,-1.0,-2.0,,154,
397,JJ Jones\JoneJJ00,LAC,WR,26,2,0,0,0,0,0,0,1,0,0.00,0,0,0,0,,0,,,-2,-2,-1.0,-2.0,,153,
398,DeShone Kizer\KizeDe00,GNB,QB,22,1,0,4,7,55,0,1,0,0,,0,0,0,0,,0,,,-2,-2,0.2,-0.8,,39,
399,Nathan Peterman\PeteNa00,BUF,QB,24,1,1,5,18,24,0,2,1,1,1.00,0,0,0,0,,0,,,-3,-3,-0.9,-0.9,,40,
